setting,model_name,fold,feature,coefficient
subject_independent,subject_lr_oz_alpha_L2,1,oz_alpha_log,1.2159076829354434
subject_independent,subject_lr_oz_alpha_L2,2,oz_alpha_log,1.1744699963735723
subject_independent,subject_lr_oz_alpha_L2,3,oz_alpha_log,1.1912410997534035
subject_independent,subject_lr_oz_alpha_L2,4,oz_alpha_log,1.1925378189727651
subject_independent,subject_lr_oz_alpha_L2,5,oz_alpha_log,1.2136822309479334
subject_independent,subject_lr_occipital_alpha_L2,1,occipital_alpha_log,1.2759071719427986
subject_independent,subject_lr_occipital_alpha_L2,2,occipital_alpha_log,1.2310797567217915
subject_independent,subject_lr_occipital_alpha_L2,3,occipital_alpha_log,1.2479724333245976
subject_independent,subject_lr_occipital_alpha_L2,4,occipital_alpha_log,1.250589461077331
subject_independent,subject_lr_occipital_alpha_L2,5,occipital_alpha_log,1.2712817450069118
subject_independent,subject_lr_posterior_alpha_L2,1,posterior_alpha_log,1.2039444544116864
subject_independent,subject_lr_posterior_alpha_L2,2,posterior_alpha_log,1.1689900026993991
subject_independent,subject_lr_posterior_alpha_L2,3,posterior_alpha_log,1.1709010585398894
subject_independent,subject_lr_posterior_alpha_L2,4,posterior_alpha_log,1.1771322493207883
subject_independent,subject_lr_posterior_alpha_L2,5,posterior_alpha_log,1.193433951428193
subject_independent,subject_lr_posterior_channels_L2,1,ch_P7_alpha_log,-1.942871705079887
subject_independent,subject_lr_posterior_channels_L2,1,ch_P3_alpha_log,-1.5845859321987104
subject_independent,subject_lr_posterior_channels_L2,1,ch_Pz_alpha_log,-0.49561185198879787
subject_independent,subject_lr_posterior_channels_L2,1,ch_P4_alpha_log,-0.6316396216129903
subject_independent,subject_lr_posterior_channels_L2,1,ch_P8_alpha_log,-0.8333190208101301
subject_independent,subject_lr_posterior_channels_L2,1,ch_PO9_alpha_log,0.45182683147414776
subject_independent,subject_lr_posterior_channels_L2,1,ch_O1_alpha_log,1.0236991272642268
subject_independent,subject_lr_posterior_channels_L2,1,ch_Oz_alpha_log,-2.5054667775156663
subject_independent,subject_lr_posterior_channels_L2,1,ch_O2_alpha_log,0.4444131846028266
subject_independent,subject_lr_posterior_channels_L2,1,ch_PO10_alpha_log,0.816543510443633
subject_independent,subject_lr_posterior_channels_L2,1,ch_P5_alpha_log,0.15046975515932967
subject_independent,subject_lr_posterior_channels_L2,1,ch_P1_alpha_log,-0.7596150403589842
subject_independent,subject_lr_posterior_channels_L2,1,ch_P2_alpha_log,0.18438072086811294
subject_independent,subject_lr_posterior_channels_L2,1,ch_P6_alpha_log,-0.001781996332014644
subject_independent,subject_lr_posterior_channels_L2,1,ch_PO7_alpha_log,1.2469752938636756
subject_independent,subject_lr_posterior_channels_L2,1,ch_PO3_alpha_log,2.3942540213157066
subject_independent,subject_lr_posterior_channels_L2,1,ch_POz_alpha_log,0.01717074564637885
subject_independent,subject_lr_posterior_channels_L2,1,ch_PO4_alpha_log,1.5177547304734844
subject_independent,subject_lr_posterior_channels_L2,1,ch_PO8_alpha_log,1.9393702626118048
subject_independent,subject_lr_posterior_channels_L2,2,ch_P7_alpha_log,-1.7698054179069918
subject_independent,subject_lr_posterior_channels_L2,2,ch_P3_alpha_log,-1.2606921737935906
subject_independent,subject_lr_posterior_channels_L2,2,ch_Pz_alpha_log,-0.5469820264803059
subject_independent,subject_lr_posterior_channels_L2,2,ch_P4_alpha_log,-0.42358562388688414
subject_independent,subject_lr_posterior_channels_L2,2,ch_P8_alpha_log,-0.5241064387757277
subject_independent,subject_lr_posterior_channels_L2,2,ch_PO9_alpha_log,0.316346528020503
subject_independent,subject_lr_posterior_channels_L2,2,ch_O1_alpha_log,1.2765141563738216
subject_independent,subject_lr_posterior_channels_L2,2,ch_Oz_alpha_log,-2.264714497772193
subject_independent,subject_lr_posterior_channels_L2,2,ch_O2_alpha_log,0.40974769537309913
subject_independent,subject_lr_posterior_channels_L2,2,ch_PO10_alpha_log,0.453506037100801
subject_independent,subject_lr_posterior_channels_L2,2,ch_P5_alpha_log,0.19090433423121636
subject_independent,subject_lr_posterior_channels_L2,2,ch_P1_alpha_log,-0.4147421367092645
subject_independent,subject_lr_posterior_channels_L2,2,ch_P2_alpha_log,-0.22474392485670106
subject_independent,subject_lr_posterior_channels_L2,2,ch_P6_alpha_log,-0.006525314405589514
subject_independent,subject_lr_posterior_channels_L2,2,ch_PO7_alpha_log,1.1244166285477033
subject_independent,subject_lr_posterior_channels_L2,2,ch_PO3_alpha_log,1.7364367161583265
subject_independent,subject_lr_posterior_channels_L2,2,ch_POz_alpha_log,-0.4245603180763017
subject_independent,subject_lr_posterior_channels_L2,2,ch_PO4_alpha_log,1.6423182719912275
subject_independent,subject_lr_posterior_channels_L2,2,ch_PO8_alpha_log,2.0786992906384087
subject_independent,subject_lr_posterior_channels_L2,3,ch_P7_alpha_log,-1.7926377433560043
subject_independent,subject_lr_posterior_channels_L2,3,ch_P3_alpha_log,-1.4066196855693416
subject_independent,subject_lr_posterior_channels_L2,3,ch_Pz_alpha_log,-0.4396428091299962
subject_independent,subject_lr_posterior_channels_L2,3,ch_P4_alpha_log,-0.279594733018502
subject_independent,subject_lr_posterior_channels_L2,3,ch_P8_alpha_log,-0.7885929246879972
subject_independent,subject_lr_posterior_channels_L2,3,ch_PO9_alpha_log,0.08497818622671077
subject_independent,subject_lr_posterior_channels_L2,3,ch_O1_alpha_log,1.1971694391070513
subject_independent,subject_lr_posterior_channels_L2,3,ch_Oz_alpha_log,-1.9352941206979417
subject_independent,subject_lr_posterior_channels_L2,3,ch_O2_alpha_log,0.44134369068239665
subject_independent,subject_lr_posterior_channels_L2,3,ch_PO10_alpha_log,0.45573355194795967
subject_independent,subject_lr_posterior_channels_L2,3,ch_P5_alpha_log,0.21770202758265017
subject_independent,subject_lr_posterior_channels_L2,3,ch_P1_alpha_log,-0.6274747815207931
subject_independent,subject_lr_posterior_channels_L2,3,ch_P2_alpha_log,-0.10755718936395525
subject_independent,subject_lr_posterior_channels_L2,3,ch_P6_alpha_log,0.16620416774979802
subject_independent,subject_lr_posterior_channels_L2,3,ch_PO7_alpha_log,1.5478232840319865
subject_independent,subject_lr_posterior_channels_L2,3,ch_PO3_alpha_log,1.627804310640403
subject_independent,subject_lr_posterior_channels_L2,3,ch_POz_alpha_log,-0.5493944734729712
subject_independent,subject_lr_posterior_channels_L2,3,ch_PO4_alpha_log,1.6611489806457695
subject_independent,subject_lr_posterior_channels_L2,3,ch_PO8_alpha_log,1.9219261235965897
subject_independent,subject_lr_posterior_channels_L2,4,ch_P7_alpha_log,-1.692191896935843
subject_independent,subject_lr_posterior_channels_L2,4,ch_P3_alpha_log,-1.7540360811139528
subject_independent,subject_lr_posterior_channels_L2,4,ch_Pz_alpha_log,-0.4987348514795892
subject_independent,subject_lr_posterior_channels_L2,4,ch_P4_alpha_log,-0.07754212292792824
subject_independent,subject_lr_posterior_channels_L2,4,ch_P8_alpha_log,-0.6837328925761432
subject_independent,subject_lr_posterior_channels_L2,4,ch_PO9_alpha_log,0.17099589963599324
subject_independent,subject_lr_posterior_channels_L2,4,ch_O1_alpha_log,1.73239453569371
subject_independent,subject_lr_posterior_channels_L2,4,ch_Oz_alpha_log,-2.1560920704686257
subject_independent,subject_lr_posterior_channels_L2,4,ch_O2_alpha_log,0.43318887106027076
subject_independent,subject_lr_posterior_channels_L2,4,ch_PO10_alpha_log,0.1577758214028775
subject_independent,subject_lr_posterior_channels_L2,4,ch_P5_alpha_log,0.2325593085462295
subject_independent,subject_lr_posterior_channels_L2,4,ch_P1_alpha_log,-0.6739440574212192
subject_independent,subject_lr_posterior_channels_L2,4,ch_P2_alpha_log,0.12986344993129653
subject_independent,subject_lr_posterior_channels_L2,4,ch_P6_alpha_log,0.03424637262182153
subject_independent,subject_lr_posterior_channels_L2,4,ch_PO7_alpha_log,1.589593902708194
subject_independent,subject_lr_posterior_channels_L2,4,ch_PO3_alpha_log,1.530825847648876
subject_independent,subject_lr_posterior_channels_L2,4,ch_POz_alpha_log,-0.3883835295861529
subject_independent,subject_lr_posterior_channels_L2,4,ch_PO4_alpha_log,1.4872049350808694
subject_independent,subject_lr_posterior_channels_L2,4,ch_PO8_alpha_log,1.8176269920808539
subject_independent,subject_lr_posterior_channels_L2,5,ch_P7_alpha_log,-1.5319603495398113
subject_independent,subject_lr_posterior_channels_L2,5,ch_P3_alpha_log,-0.7663942222112664
subject_independent,subject_lr_posterior_channels_L2,5,ch_Pz_alpha_log,-0.7563591123105039
subject_independent,subject_lr_posterior_channels_L2,5,ch_P4_alpha_log,-0.40525876642170566
subject_independent,subject_lr_posterior_channels_L2,5,ch_P8_alpha_log,-0.8695361905101147
subject_independent,subject_lr_posterior_channels_L2,5,ch_PO9_alpha_log,0.248815693957183
subject_independent,subject_lr_posterior_channels_L2,5,ch_O1_alpha_log,1.4497202213351468
subject_independent,subject_lr_posterior_channels_L2,5,ch_Oz_alpha_log,-2.2766195915416896
subject_independent,subject_lr_posterior_channels_L2,5,ch_O2_alpha_log,0.6778873174077887
subject_independent,subject_lr_posterior_channels_L2,5,ch_PO10_alpha_log,0.4696658626204718
subject_independent,subject_lr_posterior_channels_L2,5,ch_P5_alpha_log,-0.8404268427392962
subject_independent,subject_lr_posterior_channels_L2,5,ch_P1_alpha_log,-0.5206869767192436
subject_independent,subject_lr_posterior_channels_L2,5,ch_P2_alpha_log,0.10210584527371114
subject_independent,subject_lr_posterior_channels_L2,5,ch_P6_alpha_log,0.4542129697651684
subject_independent,subject_lr_posterior_channels_L2,5,ch_PO7_alpha_log,1.612632198897128
subject_independent,subject_lr_posterior_channels_L2,5,ch_PO3_alpha_log,1.5423474888213387
subject_independent,subject_lr_posterior_channels_L2,5,ch_POz_alpha_log,-0.4624825897311711
subject_independent,subject_lr_posterior_channels_L2,5,ch_PO4_alpha_log,1.2880327677892633
subject_independent,subject_lr_posterior_channels_L2,5,ch_PO8_alpha_log,1.9591921959079042
subject_independent,subject_lr_welch_multiband_L2,1,posterior_delta_log,-1.2645916994376358
subject_independent,subject_lr_welch_multiband_L2,1,posterior_theta_log,-0.28689804471380187
subject_independent,subject_lr_welch_multiband_L2,1,posterior_alpha_log,1.1298523654148953
subject_independent,subject_lr_welch_multiband_L2,1,posterior_beta_log,0.24199714224742847
subject_independent,subject_lr_welch_multiband_L2,1,posterior_high_beta_log,-0.09934680357551649
subject_independent,subject_lr_welch_multiband_L2,1,posterior_alpha_rel,0.7071881009056783
subject_independent,subject_lr_welch_multiband_L2,2,posterior_delta_log,-1.3107537950958243
subject_independent,subject_lr_welch_multiband_L2,2,posterior_theta_log,-0.2161998353995608
subject_independent,subject_lr_welch_multiband_L2,2,posterior_alpha_log,1.0335365009288484
subject_independent,subject_lr_welch_multiband_L2,2,posterior_beta_log,0.2421442099519515
subject_independent,subject_lr_welch_multiband_L2,2,posterior_high_beta_log,-0.06588387876939898
subject_independent,subject_lr_welch_multiband_L2,2,posterior_alpha_rel,0.6874229145015918
subject_independent,subject_lr_welch_multiband_L2,3,posterior_delta_log,-1.3085741546794791
subject_independent,subject_lr_welch_multiband_L2,3,posterior_theta_log,-0.22310697087164663
subject_independent,subject_lr_welch_multiband_L2,3,posterior_alpha_log,1.1340173794217483
subject_independent,subject_lr_welch_multiband_L2,3,posterior_beta_log,0.323273709709674
subject_independent,subject_lr_welch_multiband_L2,3,posterior_high_beta_log,-0.15107396160397882
subject_independent,subject_lr_welch_multiband_L2,3,posterior_alpha_rel,0.5321346321105127
subject_independent,subject_lr_welch_multiband_L2,4,posterior_delta_log,-1.3273093303703036
subject_independent,subject_lr_welch_multiband_L2,4,posterior_theta_log,-0.13717564542444935
subject_independent,subject_lr_welch_multiband_L2,4,posterior_alpha_log,0.8559840971524785
subject_independent,subject_lr_welch_multiband_L2,4,posterior_beta_log,0.3231629453634431
subject_independent,subject_lr_welch_multiband_L2,4,posterior_high_beta_log,-0.08253178054308401
subject_independent,subject_lr_welch_multiband_L2,4,posterior_alpha_rel,0.7732782897904872
subject_independent,subject_lr_welch_multiband_L2,5,posterior_delta_log,-1.3161663259425334
subject_independent,subject_lr_welch_multiband_L2,5,posterior_theta_log,-0.23804146090181066
subject_independent,subject_lr_welch_multiband_L2,5,posterior_alpha_log,0.7239453868542713
subject_independent,subject_lr_welch_multiband_L2,5,posterior_beta_log,0.4903662061672585
subject_independent,subject_lr_welch_multiband_L2,5,posterior_high_beta_log,-0.16004573963133414
subject_independent,subject_lr_welch_multiband_L2,5,posterior_alpha_rel,1.0109785137456782
subject_independent,subject_lr_fooof_L2,1,fooof_alpha_cf,0.0331561925978508
subject_independent,subject_lr_fooof_L2,1,fooof_alpha_peak_power,1.8503100792669758
subject_independent,subject_lr_fooof_L2,1,fooof_alpha_bandwidth,0.18667593131555274
subject_independent,subject_lr_fooof_L2,1,fooof_aperiodic_exponent,-0.7333254795924707
subject_independent,subject_lr_fooof_L2,2,fooof_alpha_cf,0.014654207912759412
subject_independent,subject_lr_fooof_L2,2,fooof_alpha_peak_power,1.7147660217905811
subject_independent,subject_lr_fooof_L2,2,fooof_alpha_bandwidth,0.1651417807653415
subject_independent,subject_lr_fooof_L2,2,fooof_aperiodic_exponent,-0.7076551468738145
subject_independent,subject_lr_fooof_L2,3,fooof_alpha_cf,0.06340134180712743
subject_independent,subject_lr_fooof_L2,3,fooof_alpha_peak_power,1.7163638696658563
subject_independent,subject_lr_fooof_L2,3,fooof_alpha_bandwidth,0.15166857944887133
subject_independent,subject_lr_fooof_L2,3,fooof_aperiodic_exponent,-0.6650846395401325
subject_independent,subject_lr_fooof_L2,4,fooof_alpha_cf,0.03157321351099641
subject_independent,subject_lr_fooof_L2,4,fooof_alpha_peak_power,1.7339513322593345
subject_independent,subject_lr_fooof_L2,4,fooof_alpha_bandwidth,0.18981554089615635
subject_independent,subject_lr_fooof_L2,4,fooof_aperiodic_exponent,-0.7219867209595281
subject_independent,subject_lr_fooof_L2,5,fooof_alpha_cf,0.08074185947226585
subject_independent,subject_lr_fooof_L2,5,fooof_alpha_peak_power,1.789836739070857
subject_independent,subject_lr_fooof_L2,5,fooof_alpha_bandwidth,0.16981908390200384
subject_independent,subject_lr_fooof_L2,5,fooof_aperiodic_exponent,-0.7267150998385487
subject_independent,subject_lr_combined_L2,1,ch_P7_alpha_log,-1.8030077692333215
subject_independent,subject_lr_combined_L2,1,ch_P3_alpha_log,-1.2626375011495772
subject_independent,subject_lr_combined_L2,1,ch_Pz_alpha_log,-0.17060157577729226
subject_independent,subject_lr_combined_L2,1,ch_P4_alpha_log,-0.4304702487867766
subject_independent,subject_lr_combined_L2,1,ch_P8_alpha_log,-0.9042456971591054
subject_independent,subject_lr_combined_L2,1,ch_PO9_alpha_log,0.478565404177054
subject_independent,subject_lr_combined_L2,1,ch_O1_alpha_log,1.1762088180154104
subject_independent,subject_lr_combined_L2,1,ch_Oz_alpha_log,-1.9063107192177575
subject_independent,subject_lr_combined_L2,1,ch_O2_alpha_log,0.40985722611927244
subject_independent,subject_lr_combined_L2,1,ch_PO10_alpha_log,0.6036079253523157
subject_independent,subject_lr_combined_L2,1,ch_P5_alpha_log,0.1476244065748995
subject_independent,subject_lr_combined_L2,1,ch_P1_alpha_log,-0.5178480826612861
subject_independent,subject_lr_combined_L2,1,ch_P2_alpha_log,-0.26632098681977173
subject_independent,subject_lr_combined_L2,1,ch_P6_alpha_log,-0.051732152855441346
subject_independent,subject_lr_combined_L2,1,ch_PO7_alpha_log,1.052816739190176
subject_independent,subject_lr_combined_L2,1,ch_PO3_alpha_log,1.8866535627045822
subject_independent,subject_lr_combined_L2,1,ch_POz_alpha_log,0.06479780209359355
subject_independent,subject_lr_combined_L2,1,ch_PO4_alpha_log,1.104192444669034
subject_independent,subject_lr_combined_L2,1,ch_PO8_alpha_log,1.7907937706595274
subject_independent,subject_lr_combined_L2,1,posterior_delta_log,-0.8948100865584269
subject_independent,subject_lr_combined_L2,1,posterior_theta_log,0.22693454475562294
subject_independent,subject_lr_combined_L2,1,posterior_alpha_log,0.20181061818529442
subject_independent,subject_lr_combined_L2,1,posterior_beta_log,0.2596262334415475
subject_independent,subject_lr_combined_L2,1,posterior_high_beta_log,-1.0241930542799735
subject_independent,subject_lr_combined_L2,1,posterior_alpha_rel,-0.21651416721136302
subject_independent,subject_lr_combined_L2,1,fooof_alpha_cf,0.1360076305816687
subject_independent,subject_lr_combined_L2,1,fooof_alpha_peak_power,0.6519936436265193
subject_independent,subject_lr_combined_L2,1,fooof_alpha_bandwidth,-0.11912042312005346
subject_independent,subject_lr_combined_L2,1,fooof_aperiodic_exponent,-1.1517373567832072
subject_independent,subject_lr_combined_L2,2,ch_P7_alpha_log,-1.6100807044393348
subject_independent,subject_lr_combined_L2,2,ch_P3_alpha_log,-0.9647645203594418
subject_independent,subject_lr_combined_L2,2,ch_Pz_alpha_log,0.06504937568805487
subject_independent,subject_lr_combined_L2,2,ch_P4_alpha_log,-0.08217590239716163
subject_independent,subject_lr_combined_L2,2,ch_P8_alpha_log,-0.7136357624488661
subject_independent,subject_lr_combined_L2,2,ch_PO9_alpha_log,0.2556824430228124
subject_independent,subject_lr_combined_L2,2,ch_O1_alpha_log,1.3153922121537454
subject_independent,subject_lr_combined_L2,2,ch_Oz_alpha_log,-1.6103929608362646
subject_independent,subject_lr_combined_L2,2,ch_O2_alpha_log,0.36541834337589013
subject_independent,subject_lr_combined_L2,2,ch_PO10_alpha_log,0.2442894837517191
subject_independent,subject_lr_combined_L2,2,ch_P5_alpha_log,0.1573088412679118
subject_independent,subject_lr_combined_L2,2,ch_P1_alpha_log,-0.7422089084715248
subject_independent,subject_lr_combined_L2,2,ch_P2_alpha_log,-0.6940339595480178
subject_independent,subject_lr_combined_L2,2,ch_P6_alpha_log,0.15972896745711818
subject_independent,subject_lr_combined_L2,2,ch_PO7_alpha_log,1.2331437582024514
subject_independent,subject_lr_combined_L2,2,ch_PO3_alpha_log,1.6387010219573968
subject_independent,subject_lr_combined_L2,2,ch_POz_alpha_log,-0.6941644189030832
subject_independent,subject_lr_combined_L2,2,ch_PO4_alpha_log,1.0601467453797857
subject_independent,subject_lr_combined_L2,2,ch_PO8_alpha_log,1.9388646832035765
subject_independent,subject_lr_combined_L2,2,posterior_delta_log,-1.0473231025120155
subject_independent,subject_lr_combined_L2,2,posterior_theta_log,0.19816646514122352
subject_independent,subject_lr_combined_L2,2,posterior_alpha_log,0.015600326659258739
subject_independent,subject_lr_combined_L2,2,posterior_beta_log,0.30893556932844835
subject_independent,subject_lr_combined_L2,2,posterior_high_beta_log,-0.8200850146966894
subject_independent,subject_lr_combined_L2,2,posterior_alpha_rel,-0.09189663702583303
subject_independent,subject_lr_combined_L2,2,fooof_alpha_cf,0.11913943656596872
subject_independent,subject_lr_combined_L2,2,fooof_alpha_peak_power,0.5952518839513156
subject_independent,subject_lr_combined_L2,2,fooof_alpha_bandwidth,-0.13877138353670573
subject_independent,subject_lr_combined_L2,2,fooof_aperiodic_exponent,-0.8808524931261728
subject_independent,subject_lr_combined_L2,3,ch_P7_alpha_log,-1.401089119858219
subject_independent,subject_lr_combined_L2,3,ch_P3_alpha_log,-1.2518425369815316
subject_independent,subject_lr_combined_L2,3,ch_Pz_alpha_log,-0.04567267957496145
subject_independent,subject_lr_combined_L2,3,ch_P4_alpha_log,-0.046913883212057965
subject_independent,subject_lr_combined_L2,3,ch_P8_alpha_log,-0.9398557966286016
subject_independent,subject_lr_combined_L2,3,ch_PO9_alpha_log,0.15327703942173687
subject_independent,subject_lr_combined_L2,3,ch_O1_alpha_log,1.3772762493792334
subject_independent,subject_lr_combined_L2,3,ch_Oz_alpha_log,-1.5018533916505923
subject_independent,subject_lr_combined_L2,3,ch_O2_alpha_log,0.4198749335246564
subject_independent,subject_lr_combined_L2,3,ch_PO10_alpha_log,0.3400955478582144
subject_independent,subject_lr_combined_L2,3,ch_P5_alpha_log,0.17847763597740263
subject_independent,subject_lr_combined_L2,3,ch_P1_alpha_log,-0.6153581229559719
subject_independent,subject_lr_combined_L2,3,ch_P2_alpha_log,-0.4594109027584815
subject_independent,subject_lr_combined_L2,3,ch_P6_alpha_log,0.21685974700824506
subject_independent,subject_lr_combined_L2,3,ch_PO7_alpha_log,1.1615472811749565
subject_independent,subject_lr_combined_L2,3,ch_PO3_alpha_log,1.5133328135386657
subject_independent,subject_lr_combined_L2,3,ch_POz_alpha_log,-0.5861289604279707
subject_independent,subject_lr_combined_L2,3,ch_PO4_alpha_log,1.0829060653410265
subject_independent,subject_lr_combined_L2,3,ch_PO8_alpha_log,1.8889587864973598
subject_independent,subject_lr_combined_L2,3,posterior_delta_log,-1.0694947782706106
subject_independent,subject_lr_combined_L2,3,posterior_theta_log,0.29401789480967355
subject_independent,subject_lr_combined_L2,3,posterior_alpha_log,-0.10154255364517752
subject_independent,subject_lr_combined_L2,3,posterior_beta_log,0.3734676491661115
subject_independent,subject_lr_combined_L2,3,posterior_high_beta_log,-0.9097844055055467
subject_independent,subject_lr_combined_L2,3,posterior_alpha_rel,-0.27843491888439753
subject_independent,subject_lr_combined_L2,3,fooof_alpha_cf,0.21960285831060483
subject_independent,subject_lr_combined_L2,3,fooof_alpha_peak_power,0.7197524075182151
subject_independent,subject_lr_combined_L2,3,fooof_alpha_bandwidth,-0.14478138150031863
subject_independent,subject_lr_combined_L2,3,fooof_aperiodic_exponent,-0.8996932712771207
subject_independent,subject_lr_combined_L2,4,ch_P7_alpha_log,-1.4721044978376412
subject_independent,subject_lr_combined_L2,4,ch_P3_alpha_log,-1.3040211394446248
subject_independent,subject_lr_combined_L2,4,ch_Pz_alpha_log,-0.19381136847951508
subject_independent,subject_lr_combined_L2,4,ch_P4_alpha_log,-0.1918108666664594
subject_independent,subject_lr_combined_L2,4,ch_P8_alpha_log,-0.910055243611851
subject_independent,subject_lr_combined_L2,4,ch_PO9_alpha_log,-0.11396080518550164
subject_independent,subject_lr_combined_L2,4,ch_O1_alpha_log,1.7444177116977173
subject_independent,subject_lr_combined_L2,4,ch_Oz_alpha_log,-1.5285280762828155
subject_independent,subject_lr_combined_L2,4,ch_O2_alpha_log,0.4106594343372311
subject_independent,subject_lr_combined_L2,4,ch_PO10_alpha_log,0.22868381813111202
subject_independent,subject_lr_combined_L2,4,ch_P5_alpha_log,0.17912814339579092
subject_independent,subject_lr_combined_L2,4,ch_P1_alpha_log,-0.616120087448713
subject_independent,subject_lr_combined_L2,4,ch_P2_alpha_log,-0.48314438223007855
subject_independent,subject_lr_combined_L2,4,ch_P6_alpha_log,0.36384935776547317
subject_independent,subject_lr_combined_L2,4,ch_PO7_alpha_log,1.4280719117290195
subject_independent,subject_lr_combined_L2,4,ch_PO3_alpha_log,1.5513611338041233
subject_independent,subject_lr_combined_L2,4,ch_POz_alpha_log,-0.7486768460848408
subject_independent,subject_lr_combined_L2,4,ch_PO4_alpha_log,0.9540898536631118
subject_independent,subject_lr_combined_L2,4,ch_PO8_alpha_log,1.9188934693317268
subject_independent,subject_lr_combined_L2,4,posterior_delta_log,-1.0742629626518656
subject_independent,subject_lr_combined_L2,4,posterior_theta_log,0.34535481507125765
subject_independent,subject_lr_combined_L2,4,posterior_alpha_log,-0.006475662283445564
subject_independent,subject_lr_combined_L2,4,posterior_beta_log,0.35808461538731245
subject_independent,subject_lr_combined_L2,4,posterior_high_beta_log,-0.8275382961020209
subject_independent,subject_lr_combined_L2,4,posterior_alpha_rel,-0.00255254401993077
subject_independent,subject_lr_combined_L2,4,fooof_alpha_cf,0.17244717676858332
subject_independent,subject_lr_combined_L2,4,fooof_alpha_peak_power,0.5695640028860708
subject_independent,subject_lr_combined_L2,4,fooof_alpha_bandwidth,-0.1341905673449751
subject_independent,subject_lr_combined_L2,4,fooof_aperiodic_exponent,-0.9301857682850608
subject_independent,subject_lr_combined_L2,5,ch_P7_alpha_log,-1.315295172949264
subject_independent,subject_lr_combined_L2,5,ch_P3_alpha_log,-0.49212924609907177
subject_independent,subject_lr_combined_L2,5,ch_Pz_alpha_log,-0.05992523589210022
subject_independent,subject_lr_combined_L2,5,ch_P4_alpha_log,-0.3362039518888264
subject_independent,subject_lr_combined_L2,5,ch_P8_alpha_log,-1.1266410742456043
subject_independent,subject_lr_combined_L2,5,ch_PO9_alpha_log,0.33424681810939527
subject_independent,subject_lr_combined_L2,5,ch_O1_alpha_log,1.3093705846555943
subject_independent,subject_lr_combined_L2,5,ch_Oz_alpha_log,-1.7223695701417048
subject_independent,subject_lr_combined_L2,5,ch_O2_alpha_log,0.6960777490217771
subject_independent,subject_lr_combined_L2,5,ch_PO10_alpha_log,0.5513386283218766
subject_independent,subject_lr_combined_L2,5,ch_P5_alpha_log,-0.8850360227812644
subject_independent,subject_lr_combined_L2,5,ch_P1_alpha_log,-0.4278287430723526
subject_independent,subject_lr_combined_L2,5,ch_P2_alpha_log,-0.42989556121461014
subject_independent,subject_lr_combined_L2,5,ch_P6_alpha_log,0.38028888101917324
subject_independent,subject_lr_combined_L2,5,ch_PO7_alpha_log,1.6585893767562279
subject_independent,subject_lr_combined_L2,5,ch_PO3_alpha_log,1.2721887002552592
subject_independent,subject_lr_combined_L2,5,ch_POz_alpha_log,-0.6907169356451257
subject_independent,subject_lr_combined_L2,5,ch_PO4_alpha_log,0.7620886038407573
subject_independent,subject_lr_combined_L2,5,ch_PO8_alpha_log,1.8425903029681272
subject_independent,subject_lr_combined_L2,5,posterior_delta_log,-1.028737187762802
subject_independent,subject_lr_combined_L2,5,posterior_theta_log,0.23319442167232912
subject_independent,subject_lr_combined_L2,5,posterior_alpha_log,-0.09394798362253473
subject_independent,subject_lr_combined_L2,5,posterior_beta_log,0.48371862337803484
subject_independent,subject_lr_combined_L2,5,posterior_high_beta_log,-0.996284850144485
subject_independent,subject_lr_combined_L2,5,posterior_alpha_rel,0.230855065002309
subject_independent,subject_lr_combined_L2,5,fooof_alpha_cf,0.1973001219468066
subject_independent,subject_lr_combined_L2,5,fooof_alpha_peak_power,0.44416875328740285
subject_independent,subject_lr_combined_L2,5,fooof_alpha_bandwidth,-0.10051792587008304
subject_independent,subject_lr_combined_L2,5,fooof_aperiodic_exponent,-1.0001055464457445
subject_independent,subject_lr_posterior_channels_L1,1,ch_P7_alpha_log,-2.1153752795033602
subject_independent,subject_lr_posterior_channels_L1,1,ch_P3_alpha_log,-2.477772119252824
subject_independent,subject_lr_posterior_channels_L1,1,ch_Pz_alpha_log,-0.046376722985139895
subject_independent,subject_lr_posterior_channels_L1,1,ch_P4_alpha_log,-0.6325219647408955
subject_independent,subject_lr_posterior_channels_L1,1,ch_P8_alpha_log,-1.0059086865993796
subject_independent,subject_lr_posterior_channels_L1,1,ch_PO9_alpha_log,0.77079011939924
subject_independent,subject_lr_posterior_channels_L1,1,ch_O1_alpha_log,1.9665735544329161
subject_independent,subject_lr_posterior_channels_L1,1,ch_Oz_alpha_log,-4.339302815982144
subject_independent,subject_lr_posterior_channels_L1,1,ch_O2_alpha_log,0.4608969976887791
subject_independent,subject_lr_posterior_channels_L1,1,ch_PO10_alpha_log,1.003694232803475
subject_independent,subject_lr_posterior_channels_L1,1,ch_P5_alpha_log,0.1644581790119002
subject_independent,subject_lr_posterior_channels_L1,1,ch_P1_alpha_log,-0.6794288939225838
subject_independent,subject_lr_posterior_channels_L1,1,ch_P2_alpha_log,0.0
subject_independent,subject_lr_posterior_channels_L1,1,ch_P6_alpha_log,0.0
subject_independent,subject_lr_posterior_channels_L1,1,ch_PO7_alpha_log,0.6693791418014108
subject_independent,subject_lr_posterior_channels_L1,1,ch_PO3_alpha_log,3.771638282168728
subject_independent,subject_lr_posterior_channels_L1,1,ch_POz_alpha_log,0.0
subject_independent,subject_lr_posterior_channels_L1,1,ch_PO4_alpha_log,1.4947537563898319
subject_independent,subject_lr_posterior_channels_L1,1,ch_PO8_alpha_log,2.4780173946479493
subject_independent,subject_lr_posterior_channels_L1,2,ch_P7_alpha_log,-1.7806129905638484
subject_independent,subject_lr_posterior_channels_L1,2,ch_P3_alpha_log,-1.8746995160063606
subject_independent,subject_lr_posterior_channels_L1,2,ch_Pz_alpha_log,-0.588633960279848
subject_independent,subject_lr_posterior_channels_L1,2,ch_P4_alpha_log,-0.6341512010138394
subject_independent,subject_lr_posterior_channels_L1,2,ch_P8_alpha_log,-0.5055613359498894
subject_independent,subject_lr_posterior_channels_L1,2,ch_PO9_alpha_log,0.468597842457372
subject_independent,subject_lr_posterior_channels_L1,2,ch_O1_alpha_log,2.9604065656325753
subject_independent,subject_lr_posterior_channels_L1,2,ch_Oz_alpha_log,-4.165628096840424
subject_independent,subject_lr_posterior_channels_L1,2,ch_O2_alpha_log,0.41063259508431804
subject_independent,subject_lr_posterior_channels_L1,2,ch_PO10_alpha_log,0.3462936692380247
subject_independent,subject_lr_posterior_channels_L1,2,ch_P5_alpha_log,0.20391521339997035
subject_independent,subject_lr_posterior_channels_L1,2,ch_P1_alpha_log,0.0
subject_independent,subject_lr_posterior_channels_L1,2,ch_P2_alpha_log,-0.0402440520009175
subject_independent,subject_lr_posterior_channels_L1,2,ch_P6_alpha_log,0.0
subject_independent,subject_lr_posterior_channels_L1,2,ch_PO7_alpha_log,0.5240091032866786
subject_independent,subject_lr_posterior_channels_L1,2,ch_PO3_alpha_log,1.850808838225878
subject_independent,subject_lr_posterior_channels_L1,2,ch_POz_alpha_log,-0.13996533471311334
subject_independent,subject_lr_posterior_channels_L1,2,ch_PO4_alpha_log,1.7315098423142792
subject_independent,subject_lr_posterior_channels_L1,2,ch_PO8_alpha_log,2.639374724166756
subject_independent,subject_lr_posterior_channels_L1,3,ch_P7_alpha_log,-1.9537166798779366
subject_independent,subject_lr_posterior_channels_L1,3,ch_P3_alpha_log,-1.9890901157818506
subject_independent,subject_lr_posterior_channels_L1,3,ch_Pz_alpha_log,-0.3427837206261983
subject_independent,subject_lr_posterior_channels_L1,3,ch_P4_alpha_log,-0.1637851643281764
subject_independent,subject_lr_posterior_channels_L1,3,ch_P8_alpha_log,-0.8098185059003671
subject_independent,subject_lr_posterior_channels_L1,3,ch_PO9_alpha_log,0.0
subject_independent,subject_lr_posterior_channels_L1,3,ch_O1_alpha_log,2.186324163788999
subject_independent,subject_lr_posterior_channels_L1,3,ch_Oz_alpha_log,-3.143785268174336
subject_independent,subject_lr_posterior_channels_L1,3,ch_O2_alpha_log,0.43318621561763226
subject_independent,subject_lr_posterior_channels_L1,3,ch_PO10_alpha_log,0.47732392558217857
subject_independent,subject_lr_posterior_channels_L1,3,ch_P5_alpha_log,0.23250593588606808
subject_independent,subject_lr_posterior_channels_L1,3,ch_P1_alpha_log,-0.3129612570176428
subject_independent,subject_lr_posterior_channels_L1,3,ch_P2_alpha_log,0.0
subject_independent,subject_lr_posterior_channels_L1,3,ch_P6_alpha_log,0.0
subject_independent,subject_lr_posterior_channels_L1,3,ch_PO7_alpha_log,1.7055031819514608
subject_independent,subject_lr_posterior_channels_L1,3,ch_PO3_alpha_log,1.6415723744789645
subject_independent,subject_lr_posterior_channels_L1,3,ch_POz_alpha_log,-0.5230765241310424
subject_independent,subject_lr_posterior_channels_L1,3,ch_PO4_alpha_log,1.7357656344940673
subject_independent,subject_lr_posterior_channels_L1,3,ch_PO8_alpha_log,2.2509827540249137
subject_independent,subject_lr_posterior_channels_L1,4,ch_P7_alpha_log,-1.5990385895640424
subject_independent,subject_lr_posterior_channels_L1,4,ch_P3_alpha_log,-2.8307228526610757
subject_independent,subject_lr_posterior_channels_L1,4,ch_Pz_alpha_log,-0.18389871243001202
subject_independent,subject_lr_posterior_channels_L1,4,ch_P4_alpha_log,0.0
subject_independent,subject_lr_posterior_channels_L1,4,ch_P8_alpha_log,-0.5586417814872275
subject_independent,subject_lr_posterior_channels_L1,4,ch_PO9_alpha_log,0.019507395528812407
subject_independent,subject_lr_posterior_channels_L1,4,ch_O1_alpha_log,4.031658563714141
subject_independent,subject_lr_posterior_channels_L1,4,ch_Oz_alpha_log,-4.204573125366758
subject_independent,subject_lr_posterior_channels_L1,4,ch_O2_alpha_log,0.43086513440407437
subject_independent,subject_lr_posterior_channels_L1,4,ch_PO10_alpha_log,0.0
subject_independent,subject_lr_posterior_channels_L1,4,ch_P5_alpha_log,0.2619687068974426
subject_independent,subject_lr_posterior_channels_L1,4,ch_P1_alpha_log,-0.12404723322948058
subject_independent,subject_lr_posterior_channels_L1,4,ch_P2_alpha_log,0.0
subject_independent,subject_lr_posterior_channels_L1,4,ch_P6_alpha_log,0.0
subject_independent,subject_lr_posterior_channels_L1,4,ch_PO7_alpha_log,1.3044027143275316
subject_independent,subject_lr_posterior_channels_L1,4,ch_PO3_alpha_log,1.2527644079373543
subject_independent,subject_lr_posterior_channels_L1,4,ch_POz_alpha_log,-0.058450365041243
subject_independent,subject_lr_posterior_channels_L1,4,ch_PO4_alpha_log,1.55189566910312
subject_independent,subject_lr_posterior_channels_L1,4,ch_PO8_alpha_log,2.1395636676206773
subject_independent,subject_lr_posterior_channels_L1,5,ch_P7_alpha_log,-1.7506955509440347
subject_independent,subject_lr_posterior_channels_L1,5,ch_P3_alpha_log,-1.0290037210086376
subject_independent,subject_lr_posterior_channels_L1,5,ch_Pz_alpha_log,-0.8033083062245855
subject_independent,subject_lr_posterior_channels_L1,5,ch_P4_alpha_log,0.0
subject_independent,subject_lr_posterior_channels_L1,5,ch_P8_alpha_log,-0.7785205209403055
subject_independent,subject_lr_posterior_channels_L1,5,ch_PO9_alpha_log,0.20719467589695453
subject_independent,subject_lr_posterior_channels_L1,5,ch_O1_alpha_log,3.012096123276452
subject_independent,subject_lr_posterior_channels_L1,5,ch_Oz_alpha_log,-4.053170369184646
subject_independent,subject_lr_posterior_channels_L1,5,ch_O2_alpha_log,0.6677923491516932
subject_independent,subject_lr_posterior_channels_L1,5,ch_PO10_alpha_log,0.4295735603287464
subject_independent,subject_lr_posterior_channels_L1,5,ch_P5_alpha_log,-0.7037636122105708
subject_independent,subject_lr_posterior_channels_L1,5,ch_P1_alpha_log,-0.30462356575766986
subject_independent,subject_lr_posterior_channels_L1,5,ch_P2_alpha_log,0.0
subject_independent,subject_lr_posterior_channels_L1,5,ch_P6_alpha_log,0.0
subject_independent,subject_lr_posterior_channels_L1,5,ch_PO7_alpha_log,1.4628396579470655
subject_independent,subject_lr_posterior_channels_L1,5,ch_PO3_alpha_log,1.2869707721912496
subject_independent,subject_lr_posterior_channels_L1,5,ch_POz_alpha_log,0.0
subject_independent,subject_lr_posterior_channels_L1,5,ch_PO4_alpha_log,1.2192708873985318
subject_independent,subject_lr_posterior_channels_L1,5,ch_PO8_alpha_log,2.54687140663921
subject_independent,subject_lr_welch_multiband_L1,1,posterior_delta_log,-1.3223096716368234
subject_independent,subject_lr_welch_multiband_L1,1,posterior_theta_log,-0.30278953464295266
subject_independent,subject_lr_welch_multiband_L1,1,posterior_alpha_log,1.3896411034444287
subject_independent,subject_lr_welch_multiband_L1,1,posterior_beta_log,0.17397711493921664
subject_independent,subject_lr_welch_multiband_L1,1,posterior_high_beta_log,-0.08405326494572696
subject_independent,subject_lr_welch_multiband_L1,1,posterior_alpha_rel,0.47566767114939557
subject_independent,subject_lr_welch_multiband_L1,2,posterior_delta_log,-1.3553052636032477
subject_independent,subject_lr_welch_multiband_L1,2,posterior_theta_log,-0.22195873257708199
subject_independent,subject_lr_welch_multiband_L1,2,posterior_alpha_log,1.21503155332758
subject_independent,subject_lr_welch_multiband_L1,2,posterior_beta_log,0.18971802190482212
subject_independent,subject_lr_welch_multiband_L1,2,posterior_high_beta_log,-0.051493795976575545
subject_independent,subject_lr_welch_multiband_L1,2,posterior_alpha_rel,0.5218491276605811
subject_independent,subject_lr_welch_multiband_L1,3,posterior_delta_log,-1.3783990235025143
subject_independent,subject_lr_welch_multiband_L1,3,posterior_theta_log,-0.2513536319255163
subject_independent,subject_lr_welch_multiband_L1,3,posterior_alpha_log,1.457988443754763
subject_independent,subject_lr_welch_multiband_L1,3,posterior_beta_log,0.2514781943759014
subject_independent,subject_lr_welch_multiband_L1,3,posterior_high_beta_log,-0.13984101873095534
subject_independent,subject_lr_welch_multiband_L1,3,posterior_alpha_rel,0.24373345553265852
subject_independent,subject_lr_welch_multiband_L1,4,posterior_delta_log,-1.3516923603648483
subject_independent,subject_lr_welch_multiband_L1,4,posterior_theta_log,-0.11573162394710815
subject_independent,subject_lr_welch_multiband_L1,4,posterior_alpha_log,0.8826597466185869
subject_independent,subject_lr_welch_multiband_L1,4,posterior_beta_log,0.3002965273983868
subject_independent,subject_lr_welch_multiband_L1,4,posterior_high_beta_log,-0.06924807983090207
subject_independent,subject_lr_welch_multiband_L1,4,posterior_alpha_rel,0.7392224865644175
subject_independent,subject_lr_welch_multiband_L1,5,posterior_delta_log,-1.3181830021258305
subject_independent,subject_lr_welch_multiband_L1,5,posterior_theta_log,-0.19342233772816242
subject_independent,subject_lr_welch_multiband_L1,5,posterior_alpha_log,0.6157724306867722
subject_independent,subject_lr_welch_multiband_L1,5,posterior_beta_log,0.4888435373178327
subject_independent,subject_lr_welch_multiband_L1,5,posterior_high_beta_log,-0.1437432810997265
subject_independent,subject_lr_welch_multiband_L1,5,posterior_alpha_rel,1.091094846689114
subject_independent,subject_lr_combined_L1,1,ch_P7_alpha_log,-1.9393865162978858
subject_independent,subject_lr_combined_L1,1,ch_P3_alpha_log,-2.0928724205437104
subject_independent,subject_lr_combined_L1,1,ch_Pz_alpha_log,0.0
subject_independent,subject_lr_combined_L1,1,ch_P4_alpha_log,-0.3723371122013896
subject_independent,subject_lr_combined_L1,1,ch_P8_alpha_log,-1.1218086891960257
subject_independent,subject_lr_combined_L1,1,ch_PO9_alpha_log,0.6383671373828076
subject_independent,subject_lr_combined_L1,1,ch_O1_alpha_log,2.45317373531387
subject_independent,subject_lr_combined_L1,1,ch_Oz_alpha_log,-3.46588027435288
subject_independent,subject_lr_combined_L1,1,ch_O2_alpha_log,0.4081569858816822
subject_independent,subject_lr_combined_L1,1,ch_PO10_alpha_log,0.5386439823020137
subject_independent,subject_lr_combined_L1,1,ch_P5_alpha_log,0.1536760322857468
subject_independent,subject_lr_combined_L1,1,ch_P1_alpha_log,-0.3155080237888509
subject_independent,subject_lr_combined_L1,1,ch_P2_alpha_log,0.0
subject_independent,subject_lr_combined_L1,1,ch_P6_alpha_log,0.0
subject_independent,subject_lr_combined_L1,1,ch_PO7_alpha_log,0.37354185503952414
subject_independent,subject_lr_combined_L1,1,ch_PO3_alpha_log,2.99791179643229
subject_independent,subject_lr_combined_L1,1,ch_POz_alpha_log,0.0
subject_independent,subject_lr_combined_L1,1,ch_PO4_alpha_log,0.5306117465933428
subject_independent,subject_lr_combined_L1,1,ch_PO8_alpha_log,2.692024997510404
subject_independent,subject_lr_combined_L1,1,posterior_delta_log,-0.8626289500837591
subject_independent,subject_lr_combined_L1,1,posterior_theta_log,0.22655802473898548
subject_independent,subject_lr_combined_L1,1,posterior_alpha_log,0.0
subject_independent,subject_lr_combined_L1,1,posterior_beta_log,0.3071415271371632
subject_independent,subject_lr_combined_L1,1,posterior_high_beta_log,-1.0106831916856942
subject_independent,subject_lr_combined_L1,1,posterior_alpha_rel,-0.017726393744721302
subject_independent,subject_lr_combined_L1,1,fooof_alpha_cf,0.11254296877328106
subject_independent,subject_lr_combined_L1,1,fooof_alpha_peak_power,0.5805464096727013
subject_independent,subject_lr_combined_L1,1,fooof_alpha_bandwidth,-0.10359385169542243
subject_independent,subject_lr_combined_L1,1,fooof_aperiodic_exponent,-1.1412168707947365
subject_independent,subject_lr_combined_L1,2,ch_P7_alpha_log,-1.751605898928149
subject_independent,subject_lr_combined_L1,2,ch_P3_alpha_log,-1.1640212181537979
subject_independent,subject_lr_combined_L1,2,ch_Pz_alpha_log,0.0
subject_independent,subject_lr_combined_L1,2,ch_P4_alpha_log,0.0
subject_independent,subject_lr_combined_L1,2,ch_P8_alpha_log,-0.682385672473763
subject_independent,subject_lr_combined_L1,2,ch_PO9_alpha_log,0.2678989502839669
subject_independent,subject_lr_combined_L1,2,ch_O1_alpha_log,2.466625352936439
subject_independent,subject_lr_combined_L1,2,ch_Oz_alpha_log,-2.7682836523926135
subject_independent,subject_lr_combined_L1,2,ch_O2_alpha_log,0.33377926241154643
subject_independent,subject_lr_combined_L1,2,ch_PO10_alpha_log,0.0
subject_independent,subject_lr_combined_L1,2,ch_P5_alpha_log,0.14198892286387998
subject_independent,subject_lr_combined_L1,2,ch_P1_alpha_log,-0.6790387408199056
subject_independent,subject_lr_combined_L1,2,ch_P2_alpha_log,-0.4207573163617409
subject_independent,subject_lr_combined_L1,2,ch_P6_alpha_log,0.0
subject_independent,subject_lr_combined_L1,2,ch_PO7_alpha_log,0.746757144600377
subject_independent,subject_lr_combined_L1,2,ch_PO3_alpha_log,2.020406507847387
subject_independent,subject_lr_combined_L1,2,ch_POz_alpha_log,-0.4614399084222791
subject_independent,subject_lr_combined_L1,2,ch_PO4_alpha_log,0.3338388408694014
subject_independent,subject_lr_combined_L1,2,ch_PO8_alpha_log,2.9266576012050685
subject_independent,subject_lr_combined_L1,2,posterior_delta_log,-1.0621615630175594
subject_independent,subject_lr_combined_L1,2,posterior_theta_log,0.18381591862211138
subject_independent,subject_lr_combined_L1,2,posterior_alpha_log,0.0
subject_independent,subject_lr_combined_L1,2,posterior_beta_log,0.3138646219734968
subject_independent,subject_lr_combined_L1,2,posterior_high_beta_log,-0.7645510766565071
subject_independent,subject_lr_combined_L1,2,posterior_alpha_rel,0.0
subject_independent,subject_lr_combined_L1,2,fooof_alpha_cf,0.0960239172749188
subject_independent,subject_lr_combined_L1,2,fooof_alpha_peak_power,0.5329623457446352
subject_independent,subject_lr_combined_L1,2,fooof_alpha_bandwidth,-0.12149682671879145
subject_independent,subject_lr_combined_L1,2,fooof_aperiodic_exponent,-0.8370003473037165
subject_independent,subject_lr_combined_L1,3,ch_P7_alpha_log,-1.2238573714575023
subject_independent,subject_lr_combined_L1,3,ch_P3_alpha_log,-1.9409178781564298
subject_independent,subject_lr_combined_L1,3,ch_Pz_alpha_log,0.0
subject_independent,subject_lr_combined_L1,3,ch_P4_alpha_log,0.0
subject_independent,subject_lr_combined_L1,3,ch_P8_alpha_log,-1.0149424373539049
subject_independent,subject_lr_combined_L1,3,ch_PO9_alpha_log,0.010190113266554677
subject_independent,subject_lr_combined_L1,3,ch_O1_alpha_log,2.949569803031812
subject_independent,subject_lr_combined_L1,3,ch_Oz_alpha_log,-2.7483926509637775
subject_independent,subject_lr_combined_L1,3,ch_O2_alpha_log,0.3960353847339512
subject_independent,subject_lr_combined_L1,3,ch_PO10_alpha_log,0.026279674073950602
subject_independent,subject_lr_combined_L1,3,ch_P5_alpha_log,0.17233967788023657
subject_independent,subject_lr_combined_L1,3,ch_P1_alpha_log,-0.2888548308828013
subject_independent,subject_lr_combined_L1,3,ch_P2_alpha_log,-0.16218339018280997
subject_independent,subject_lr_combined_L1,3,ch_P6_alpha_log,0.0
subject_independent,subject_lr_combined_L1,3,ch_PO7_alpha_log,0.5061581470300758
subject_independent,subject_lr_combined_L1,3,ch_PO3_alpha_log,1.6875136784414722
subject_independent,subject_lr_combined_L1,3,ch_POz_alpha_log,-0.45155065722261
subject_independent,subject_lr_combined_L1,3,ch_PO4_alpha_log,0.4559998183134367
subject_independent,subject_lr_combined_L1,3,ch_PO8_alpha_log,2.8603710724367057
subject_independent,subject_lr_combined_L1,3,posterior_delta_log,-1.0422167902389545
subject_independent,subject_lr_combined_L1,3,posterior_theta_log,0.2868945013678251
subject_independent,subject_lr_combined_L1,3,posterior_alpha_log,0.0
subject_independent,subject_lr_combined_L1,3,posterior_beta_log,0.41059286568415837
subject_independent,subject_lr_combined_L1,3,posterior_high_beta_log,-0.8766717191498576
subject_independent,subject_lr_combined_L1,3,posterior_alpha_rel,-0.041548905061725656
subject_independent,subject_lr_combined_L1,3,fooof_alpha_cf,0.19844397695722313
subject_independent,subject_lr_combined_L1,3,fooof_alpha_peak_power,0.6257127009500699
subject_independent,subject_lr_combined_L1,3,fooof_alpha_bandwidth,-0.1296246039083457
subject_independent,subject_lr_combined_L1,3,fooof_aperiodic_exponent,-0.8751912295158392
subject_independent,subject_lr_combined_L1,4,ch_P7_alpha_log,-1.4437631836022549
subject_independent,subject_lr_combined_L1,4,ch_P3_alpha_log,-2.1946045116955153
subject_independent,subject_lr_combined_L1,4,ch_Pz_alpha_log,0.0
subject_independent,subject_lr_combined_L1,4,ch_P4_alpha_log,0.0
subject_independent,subject_lr_combined_L1,4,ch_P8_alpha_log,-0.924459367290815
subject_independent,subject_lr_combined_L1,4,ch_PO9_alpha_log,0.0
subject_independent,subject_lr_combined_L1,4,ch_O1_alpha_log,3.9066446464050166
subject_independent,subject_lr_combined_L1,4,ch_Oz_alpha_log,-3.4533417619112847
subject_independent,subject_lr_combined_L1,4,ch_O2_alpha_log,0.3706095588947423
subject_independent,subject_lr_combined_L1,4,ch_PO10_alpha_log,0.0
subject_independent,subject_lr_combined_L1,4,ch_P5_alpha_log,0.17474672846280573
subject_independent,subject_lr_combined_L1,4,ch_P1_alpha_log,-0.21479093034362087
subject_independent,subject_lr_combined_L1,4,ch_P2_alpha_log,-0.1864592146705666
subject_independent,subject_lr_combined_L1,4,ch_P6_alpha_log,0.0
subject_independent,subject_lr_combined_L1,4,ch_PO7_alpha_log,0.7089083161334301
subject_independent,subject_lr_combined_L1,4,ch_PO3_alpha_log,1.821896573904084
subject_independent,subject_lr_combined_L1,4,ch_POz_alpha_log,-0.5615867701883107
subject_independent,subject_lr_combined_L1,4,ch_PO4_alpha_log,0.36247131814158656
subject_independent,subject_lr_combined_L1,4,ch_PO8_alpha_log,2.962330358781236
subject_independent,subject_lr_combined_L1,4,posterior_delta_log,-1.1116303252192652
subject_independent,subject_lr_combined_L1,4,posterior_theta_log,0.2853937079641618
subject_independent,subject_lr_combined_L1,4,posterior_alpha_log,0.0
subject_independent,subject_lr_combined_L1,4,posterior_beta_log,0.3412446621694553
subject_independent,subject_lr_combined_L1,4,posterior_high_beta_log,-0.7551842523215788
subject_independent,subject_lr_combined_L1,4,posterior_alpha_rel,0.0
subject_independent,subject_lr_combined_L1,4,fooof_alpha_cf,0.14510671308913667
subject_independent,subject_lr_combined_L1,4,fooof_alpha_peak_power,0.5048671983917429
subject_independent,subject_lr_combined_L1,4,fooof_alpha_bandwidth,-0.11932818302514431
subject_independent,subject_lr_combined_L1,4,fooof_aperiodic_exponent,-0.8604626107090715
subject_independent,subject_lr_combined_L1,5,ch_P7_alpha_log,-1.5617062114129814
subject_independent,subject_lr_combined_L1,5,ch_P3_alpha_log,-0.30240493305066357
subject_independent,subject_lr_combined_L1,5,ch_Pz_alpha_log,0.0
subject_independent,subject_lr_combined_L1,5,ch_P4_alpha_log,0.0
subject_independent,subject_lr_combined_L1,5,ch_P8_alpha_log,-1.3404058544970363
subject_independent,subject_lr_combined_L1,5,ch_PO9_alpha_log,0.07499552268952464
subject_independent,subject_lr_combined_L1,5,ch_O1_alpha_log,2.422404822992152
subject_independent,subject_lr_combined_L1,5,ch_Oz_alpha_log,-2.6744496389172885
subject_independent,subject_lr_combined_L1,5,ch_O2_alpha_log,0.21003352426389849
subject_independent,subject_lr_combined_L1,5,ch_PO10_alpha_log,0.5390524601742253
subject_independent,subject_lr_combined_L1,5,ch_P5_alpha_log,-0.9879600515508488
subject_independent,subject_lr_combined_L1,5,ch_P1_alpha_log,-0.4493825485932361
subject_independent,subject_lr_combined_L1,5,ch_P2_alpha_log,-0.1652379998794345
subject_independent,subject_lr_combined_L1,5,ch_P6_alpha_log,0.0
subject_independent,subject_lr_combined_L1,5,ch_PO7_alpha_log,2.0536447968527636
subject_independent,subject_lr_combined_L1,5,ch_PO3_alpha_log,0.8769702444625763
subject_independent,subject_lr_combined_L1,5,ch_POz_alpha_log,-0.2915753690727739
subject_independent,subject_lr_combined_L1,5,ch_PO4_alpha_log,0.05766839925576135
subject_independent,subject_lr_combined_L1,5,ch_PO8_alpha_log,3.1530836653379324
subject_independent,subject_lr_combined_L1,5,posterior_delta_log,-1.084779774614703
subject_independent,subject_lr_combined_L1,5,posterior_theta_log,0.18681249771554545
subject_independent,subject_lr_combined_L1,5,posterior_alpha_log,0.0
subject_independent,subject_lr_combined_L1,5,posterior_beta_log,0.4091430876753458
subject_independent,subject_lr_combined_L1,5,posterior_high_beta_log,-0.9991975029749828
subject_independent,subject_lr_combined_L1,5,posterior_alpha_rel,0.0
subject_independent,subject_lr_combined_L1,5,fooof_alpha_cf,0.18741563361352637
subject_independent,subject_lr_combined_L1,5,fooof_alpha_peak_power,0.3564018441460204
subject_independent,subject_lr_combined_L1,5,fooof_alpha_bandwidth,-0.09841591882398736
subject_independent,subject_lr_combined_L1,5,fooof_aperiodic_exponent,-1.0153839017531476
